-- INSERTIONS TABLE 'USER'
INSERT INTO user (id_user, name, username, password) VALUES 
('user001', 'John Doe', 'johndoe', 'password123'),
('user002', 'Jane Smith', 'janesmith', 'password456'),
('user003', 'Alice Johnson', 'alicej', 'password789'),
('user004', 'Bob Brown', 'bobbrown', 'passwordabc'),
('user005', 'Emily Davis', 'emilyd', 'passworddef'),
('user006', 'Michael Wilson', 'michaelw', 'passwordghi'),
('user007', 'Emma Martinez', 'emmam', 'passwordjkl'),
('user008', 'William Anderson', 'williama', 'passwordmno'),
('user009', 'Olivia Taylor', 'oliviat', 'passwordpqr'),
('user010', 'James Thomas', 'jamest', 'passwordstu'),
('user011', 'Sophia Jackson', 'sophiaj', 'passwordvwx'),
('user012', 'Liam White', 'liamw', 'passwordyz1'),
('user013', 'Ava Harris', 'avah', 'password234'),
('user014', 'Logan Martin', 'loganm', 'password567'),
('user015', 'Ella Lee', 'ellal', 'password890'),
('user016', 'Noah Clark', 'noahc', 'password1234'),
('user017', 'Charlotte Lewis', 'charlottel', 'password5678'),
('user018', 'Mason Walker', 'masonw', 'password9012'),
('user019', 'Amelia Hall', 'ameliah', 'password3456'),
('user020', 'Benjamin Allen', 'benjamina', 'password7890'),
('user021', 'Harper Scott', 'harpers', 'password12345'),
('user022', 'Ethan Green', 'ethang', 'password67890'),
('user023', 'Mia Adams', 'miaa', 'password123456'),
('user024', 'Jacob Baker', 'jacobb', 'password789012'),
('user025', 'Abigail King', 'abigailk', 'password345678'),
('user026', 'Liam Perez', 'liamp', 'password901234'),
('user027', 'Isabella Wright', 'isabellaw', 'password567890'),
('user028', 'Lucas Nelson', 'lucasn', 'password1234567'),
('user029', 'Emily Carter', 'emilyc', 'password890123'),
('user030', 'Michael Hill', 'michaelh', 'password234567'),
('user031', 'Avery Mitchell', 'averym', 'password8901234'),
('user032', 'Alexander Roberts', 'alexanderr', 'password5678901'),
('user033', 'Sofia Evans', 'sofiae', 'password2345678'),
('user034', 'Daniel Rivera', 'danielr', 'password9012345'),
('user035', 'Aria Collins', 'ariac', 'password6789012'),
('user036', 'Matthew Ward', 'mattheww', 'password12345678'),
('user037', 'Scarlett Torres', 'scarlettt', 'password90123456'),
('user038', 'Madison Ramirez', 'madisonr', 'password78901234'),
('user039', 'Elijah Foster', 'elijahf', 'password123456789'),
('user040', 'Grace Flores', 'gracef', 'password890123456'),
('user041', 'Oliver Gonzales', 'oliverg', 'password678901234'),
('user042', 'Chloe Butler', 'chloeb', 'password1234567890'),
('user043', 'Aiden Barnes', 'aidenb', 'password901234567'),
('user044', 'Zoey Fisher', 'zoeyf', 'password6789012345'),
('user045', 'Jackson Simmons', 'jacksons', 'password12345678901'),
('user046', 'Mila Gomez', 'milag', 'password9012345678'),
('user047', 'Jameson Gray', 'jamesong', 'password123456789012'),
('user048', 'Aurora Murray', 'auroram', 'password90123456789'),
('user049', 'Layla Shaw', 'laylas', 'password1234567890123'),
('user050', 'Elijah Tucker', 'elijaht', 'password45678901234'),
('user051', 'Paisley Collins', 'paisleyc', 'password12345678901234'),
('user052', 'Connor Alexander', 'connora', 'password567890123'),
('user053', 'Hannah Howard', 'hannahh', 'password234567890'),
('user054', 'Levi Bennett', 'levib', 'password67890123456'),
('user055', 'Brooklyn Coleman', 'brooklync', 'password1234567890a'),
('user056', 'Elizabeth Richardson', 'elizabethr', 'passwordb234567890'),
('user057', 'Carter Peterson', 'carterp', 'password12345678901c'),
('user058', 'Aaliyah Cooper', 'aaliyahc', 'passwordd2345678901'),
('user059', 'Ryan Reed', 'ryanr', 'passworde123456789'),
('user060', 'Audrey Bailey', 'audreyb', 'password23456789012'),
('user061', 'Grayson Reed', 'graysonr', 'password345678901'),
('user062', 'Skylar Torres', 'skylart', 'password4567890123'),
('user063', 'Violet Perry', 'violetp', 'password5678901234'),
('user064', 'David Barnes', 'davidb', 'password6789012345e'),
('user065', 'Stella Richardson', 'stellar', 'password78901234567'),
('user066', 'Lincoln Long', 'lincolnl', 'password89012345678'),
('user067', 'Nova Ward', 'novaw', 'password90123456789f'),
('user068', 'Christopher Foster', 'christopherf', 'password0123456789'),
('user069', 'Clara Parker', 'clarap', 'password1234567890g'),
('user070', 'Mateo Ross', 'mateor', 'password12345678901h'),
('user071', 'Luna Nelson', 'lunan', 'password123456789012i'),
('user072', 'Jeremiah Rivera', 'jeremiahr', 'password1234567890123j'),
('user073', 'Penelope Richardson', 'peneloper', 'password12345678901234k'),
('user074', 'Maverick Simmons', 'mavericks', 'password12345678901234l'),
('user075', 'Ellie Martinez', 'elliem', 'password123456789012345'),
('user076', 'Kayden Bennett', 'kaydenb', 'password123456789012345m'),
('user077', 'Hazel Reed', 'hazelr', 'password1234567890123457'),
('user078', 'Nathan Torres', 'nathant', 'password123456789012345n'),
('user079', 'Reagan Coleman', 'reaganc', 'password1234567890123457o'),
('user080', 'Ivy Jenkins', 'ivyj', 'password123456789012345pq'),
('user081', 'Zachary Perry', 'zacharyp', 'password1234567890123456r'),
('user082', 'Lily Wright', 'lilyw', 'password123456789012345st'),
('user083', 'Jaxon Rogers', 'jaxonr', 'password12345678901234567u'),
('user084', 'Addison Rodriguez', 'addisonr', 'password1234567890123456v'),
('user085', 'Joseph Bryant', 'josephb', 'password123456789012345678w'),
('user086', 'Nora Hayes', 'norah', 'password123456789012345678x'),
('user087', 'Leah Marshall', 'leahm', 'password1234567890123456789y'),
('user088', 'Gabriel Russell', 'gabrielr', 'password12345678901234567890'),
('user089', 'Serenity Hunter', 'serenityh', 'password1234567890123456789z'),
('user090', 'Dominic Lynch', 'dominicl', 'password12345678901234567890a'),
('user091', 'Ruby Barnett', 'rubyr', 'password12345678901234567890ab'),
('user092', 'Zoe Davidson', 'zoe', 'password12345678901234567890abc'),
('user093', 'Owen Wheeler', 'owenw', 'password12345678901234567890abcd'),
('user094', 'Lydia Armstrong', 'lydiaa', 'password12345678901234567890abcde'),
('user095', 'Isaac Newman', 'isaacn', 'password12345678901234567890abcdef'),
('user096', 'Adeline Woods', 'adelinew', 'password12345678901234567890abcdefg'),
('user097', 'Gavin Palmer', 'gavinp', 'password12345678901234567890abcdefgh'),
('user098', 'Aubrey Hopkins', 'aubreyh', 'password12345678901234567890abcdefghi'),
('user099', 'Kenneth Sims', 'kenneths', 'password12345678901234567890abcdefghij'),
('user100', 'Molly Olson', 'mollyo', 'password12345678901234567890abcdefghijk');

-- INSERTIONS TABLE ROOM
INSERT INTO room (rtype, btype, amount) VALUES 
('single', 'standard', 100.00),
('single', 'standard', 100.00),
('single', 'standard', 100.00),
('single', 'standard', 100.00),
('single', 'standard', 100.00),
('single', 'standard', 100.00),
('single', 'standard', 100.00),
('single', 'standard', 100.00),
('single', 'standard', 100.00),
('single', 'standard', 100.00),
('single', 'deluxe', 150.00),
('single', 'deluxe', 150.00),
('single', 'deluxe', 150.00),
('single', 'deluxe', 150.00),
('single', 'deluxe', 150.00),
('single', 'deluxe', 150.00),
('single', 'deluxe', 150.00),
('single', 'deluxe', 150.00),
('single', 'deluxe', 150.00),
('single', 'deluxe', 150.00),
('double', 'standard', 120.00),
('double', 'standard', 120.00),
('double', 'standard', 120.00),
('double', 'standard', 120.00),
('double', 'standard', 120.00),
('double', 'standard', 120.00),
('double', 'standard', 120.00),
('double', 'standard', 120.00),
('double', 'standard', 120.00),
('double', 'standard', 120.00),
('double', 'deluxe', 180.00),
('double', 'deluxe', 180.00),
('double', 'deluxe', 180.00),
('double', 'deluxe', 180.00),
('double', 'deluxe', 180.00),
('double', 'deluxe', 180.00),
('double', 'deluxe', 180.00),
('double', 'deluxe', 180.00),
('double', 'deluxe', 180.00),
('double', 'deluxe', 180.00),
('suite', 'standard', 200.00),
('suite', 'standard', 200.00),
('suite', 'standard', 200.00),
('suite', 'standard', 200.00),
('suite', 'standard', 200.00),
('suite', 'standard', 200.00),
('suite', 'standard', 200.00),
('suite', 'standard', 200.00),
('suite', 'standard', 200.00),
('suite', 'standard', 200.00),
('suite', 'deluxe', 300.00),
('suite', 'deluxe', 300.00),
('suite', 'deluxe', 300.00),
('suite', 'deluxe', 300.00),
('suite', 'deluxe', 300.00),
('suite', 'deluxe', 300.00),
('suite', 'deluxe', 300.00),
('suite', 'deluxe', 300.00),
('suite', 'deluxe', 300.00),
('suite', 'deluxe', 300.00),
('family', 'standard', 250.00),
('family', 'standard', 250.00),
('family', 'standard', 250.00),
('family', 'standard', 250.00),
('family', 'standard', 250.00),
('family', 'standard', 250.00),
('family', 'standard', 250.00),
('family', 'standard', 250.00),
('family', 'standard', 250.00),
('family', 'standard', 250.00),
('family', 'deluxe', 350.00),
('family', 'deluxe', 350.00),
('family', 'deluxe', 350.00),
('family', 'deluxe', 350.00),
('family', 'deluxe', 350.00),
('family', 'deluxe', 350.00),
('family', 'deluxe', 350.00),
('family', 'deluxe', 350.00),
('family', 'deluxe', 350.00),
('family', 'deluxe', 350.00),
('presidential', 'standard', 500.00),
('presidential', 'standard', 500.00),
('presidential', 'standard', 500.00),
('presidential', 'standard', 500.00),
('presidential', 'standard', 500.00),
('presidential', 'standard', 500.00),
('presidential', 'standard', 500.00),
('presidential', 'standard', 500.00),
('presidential', 'standard', 500.00),
('presidential', 'standard', 500.00),
('presidential', 'deluxe', 700.00),
('presidential', 'deluxe', 700.00),
('presidential', 'deluxe', 700.00),
('presidential', 'deluxe', 700.00),
('presidential', 'deluxe', 700.00),
('presidential', 'deluxe', 700.00),
('presidential', 'deluxe', 700.00),
('presidential', 'deluxe', 700.00),
('presidential', 'deluxe', 700.00),
('presidential', 'deluxe', 700.00);

-- INSERTION DE LA TABLE RESERVATION 
INSERT INTO reservation (name, address, mobile, checkin, checkout, bedtype, roomno, rtype, amount) VALUES 
('John Doe', '123 Main St', '1234567890', '2024-04-19', '2024-04-21', 'single', 1, 'standard', 100.00),
('Jane Smith', '456 Oak St', '0987654321', '2024-04-20', '2024-04-25', 'double', 2, 'deluxe', 180.00),
('Alice Johnson', '789 Elm St', '4567890123', '2024-04-21', '2024-04-23', 'single', 3, 'standard', 100.00),
('Bob Brown', '101 Pine St', '7890123456', '2024-04-22', '2024-04-26', 'suite', 4, 'deluxe', 300.00),
('Emily Davis', '222 Maple St', '0123456789', '2024-04-23', '2024-04-27', 'single', 5, 'standard', 100.00),
('Michael Wilson', '333 Cedar St', '9876543210', '2024-04-24', '2024-04-28', 'double', 6, 'deluxe', 180.00),
('Emma Martinez', '444 Walnut St', '2345678901', '2024-04-25', '2024-04-29', 'suite', 7, 'standard', 200.00),
('William Anderson', '555 Oak St', '5432109876', '2024-04-26', '2024-04-30', 'single', 8, 'deluxe', 150.00),
('Olivia Taylor', '666 Pine St', '6789012345', '2024-04-27', '2024-05-01', 'double', 9, 'standard', 120.00),
('James Thomas', '777 Maple St', '8765432109', '2024-04-28', '2024-05-02', 'suite', 10, 'deluxe', 300.00),
('Sophia Jackson', '888 Cedar St', '7654321098', '2024-04-29', '2024-05-03', 'single', 11, 'standard', 100.00),
('Liam White', '999 Walnut St', '6543210987', '2024-04-30', '2024-05-04', 'double', 12, 'deluxe', 180.00),
('Ava Harris', '111 Elm St', '5432109876', '2024-05-01', '2024-05-05', 'suite', 13, 'standard', 200.00),
('Logan Martin', '222 Pine St', '4321098765', '2024-05-02', '2024-05-06', 'single', 14, 'deluxe', 150.00),
('Ella Lee', '333 Maple St', '3210987654', '2024-05-03', '2024-05-07', 'double', 15, 'standard', 120.00),
('Noah Clark', '444 Cedar St', '2109876543', '2024-05-04', '2024-05-08', 'suite', 16, 'deluxe', 300.00),
('Charlotte Lewis', '555 Walnut St', '1098765432', '2024-05-05', '2024-05-09', 'single', 17, 'standard', 100.00),
('Mason Walker', '666 Elm St', '0987654321', '2024-05-06', '2024-05-10', 'double', 18, 'deluxe', 180.00),
('Amelia Hall', '777 Pine St', '9876543210', '2024-05-07', '2024-05-11', 'suite', 19, 'standard', 200.00),
('Benjamin Allen', '888 Maple St', '8765432109', '2024-05-08', '2024-05-12', 'single', 20, 'deluxe', 150.00),
('Harper Scott', '999 Cedar St', '7654321098', '2024-05-09', '2024-05-13', 'double', 21, 'standard', 120.00),
('Ethan Green', '111 Walnut St', '6543210987', '2024-05-10', '2024-05-14', 'suite', 22, 'deluxe', 300.00),
('Mia Adams', '222 Elm St', '5432109876', '2024-05-11', '2024-05-15', 'single', 23, 'standard', 100.00),
('Jacob Baker', '333 Pine St', '4321098765', '2024-05-12', '2024-05-16', 'double', 24, 'deluxe', 180.00),
('Abigail King', '444 Maple St', '3210987654', '2024-05-13', '2024-05-17', 'suite', 25, 'standard', 200.00),
('Liam Perez', '555 Cedar St', '2109876543', '2024-05-14', '2024-05-18', 'single', 26, 'deluxe', 150.00),
('Isabella Wright', '666 Walnut St', '1098765432', '2024-05-15', '2024-05-19', 'double', 27, 'standard', 120.00),
('Lucas Nelson', '777 Elm St', '9876543210', '2024-05-16', '2024-05-20', 'suite', 28, 'deluxe', 300.00),
('Emily Carter', '888 Pine St', '8765432109', '2024-05-17', '2024-05-21', 'single', 29, 'standard', 100.00),
('Michael Hill', '999 Maple St', '7654321098', '2024-05-18', '2024-05-22', 'double', 30, 'deluxe', 180.00),
('Avery Mitchell', '111 Cedar St', '6543210987', '2024-05-19', '2024-05-23', 'suite', 31, 'standard', 200.00),
('Alexander Roberts', '222 Walnut St', '5432109876', '2024-05-20', '2024-05-24', 'single', 32, 'deluxe', 150.00),
('Sofia Evans', '333 Elm St', '4321098765', '2024-05-21', '2024-05-25', 'double', 33, 'standard', 120.00),
('Daniel Rivera', '444 Pine St', '3210987654', '2024-05-22', '2024-05-26', 'suite', 34, 'deluxe', 300.00),
('Aria Collins', '555 Maple St', '2109876543', '2024-05-23', '2024-05-27', 'single', 35, 'standard', 100.00),
('Matthew Ward', '666 Cedar St', '1098765432', '2024-05-24', '2024-05-28', 'double', 36, 'deluxe', 180.00),
('Scarlett Torres', '777 Walnut St', '9876543210', '2024-05-25', '2024-05-29', 'suite', 37, 'standard', 200.00),
('Madison Ramirez', '888 Elm St', '8765432109', '2024-05-26', '2024-05-30', 'single', 38, 'deluxe', 150.00),
('Elijah Foster', '999 Pine St', '7654321098', '2024-05-27', '2024-05-31', 'double', 39, 'standard', 120.00),
('Grace Flores', '111 Maple St', '6543210987', '2024-05-28', '2024-06-01', 'suite', 40, 'deluxe', 300.00),
('Oliver Gonzales', '222 Cedar St', '5432109876', '2024-05-29', '2024-06-02', 'single', 41, 'standard', 100.00),
('Chloe Butler', '333 Walnut St', '4321098765', '2024-05-30', '2024-06-03', 'double', 42, 'deluxe', 180.00),
('Aiden Barnes', '444 Elm St', '3210987654', '2024-05-31', '2024-06-04', 'suite', 43, 'standard', 200.00),
('Zoey Fisher', '555 Pine St', '2109876543', '2024-06-01', '2024-06-05', 'single', 44, 'deluxe', 150.00),
('Jackson Simmons', '666 Maple St', '1098765432', '2024-06-02', '2024-06-06', 'double', 45, 'standard', 120.00),
('Mila Gomez', '777 Cedar St', '9876543210', '2024-06-03', '2024-06-07', 'suite', 46, 'deluxe', 300.00),
('Jameson Gray', '888 Walnut St', '8765432109', '2024-06-04', '2024-06-08', 'single', 47, 'standard', 100.00),
('Aurora Murray', '999 Elm St', '7654321098', '2024-06-05', '2024-06-09', 'double', 48, 'deluxe', 180.00),
('Layla Shaw', '111 Pine St', '6543210987', '2024-06-06', '2024-06-10', 'suite', 49, 'standard', 200.00),
('Elijah Tucker', '222 Maple St', '5432109876', '2024-06-07', '2024-06-11', 'single', 50, 'deluxe', 150.00),
('Paisley Collins', '333 Cedar St', '4321098765', '2024-06-08', '2024-06-12', 'double', 51, 'standard', 120.00),
('Connor Alexander', '444 Walnut St', '3210987654', '2024-06-09', '2024-06-13', 'suite', 52, 'deluxe', 300.00),
('Hannah Howard', '555 Pine St', '2109876543', '2024-06-10', '2024-06-14', 'single', 53, 'standard', 100.00),
('Levi Bennett', '666 Elm St', '1098765432', '2024-06-11', '2024-06-15', 'double', 54, 'deluxe', 180.00),
('Brooklyn Coleman', '777 Maple St', '9876543210', '2024-06-12', '2024-06-16', 'suite', 55, 'standard', 200.00),
('Elizabeth Richardson', '888 Cedar St', '8765432109', '2024-06-13', '2024-06-17', 'single', 56, 'deluxe', 150.00),
('Carter Peterson', '999 Walnut St', '7654321098', '2024-06-14', '2024-06-18', 'double', 57, 'standard', 120.00),
('Aaliyah Cooper', '111 Elm St', '6543210987', '2024-06-15', '2024-06-19', 'suite', 58, 'deluxe', 300.00),
('Ryan Reed', '222 Pine St', '5432109876', '2024-06-16', '2024-06-20', 'single', 59, 'standard', 100.00),
('Audrey Bailey', '333 Maple St', '4321098765', '2024-06-17', '2024-06-21', 'double', 60, 'deluxe', 180.00),
('Grayson Reed', '444 Cedar St', '3210987654', '2024-06-18', '2024-06-22', 'suite', 61, 'standard', 200.00),
('Skylar Torres', '555 Walnut St', '2109876543', '2024-06-19', '2024-06-23', 'single', 62, 'deluxe', 150.00),
('Violet Perry', '666 Elm St', '1098765432', '2024-06-20', '2024-06-24', 'double', 63, 'standard', 120.00),
('David Barnes', '777 Pine St', '9876543210', '2024-06-21', '2024-06-25', 'suite', 64, 'deluxe', 300.00),
('Stella Richardson', '888 Maple St', '8765432109', '2024-06-22', '2024-06-26', 'single', 65, 'standard', 100.00),
('Lincoln Long', '999 Cedar St', '7654321098', '2024-06-23', '2024-06-27', 'double', 66, 'deluxe', 180.00),
('Nova Ward', '111 Walnut St', '6543210987', '2024-06-24', '2024-06-28', 'suite', 67, 'standard', 200.00),
('Christopher Foster', '222 Elm St', '5432109876', '2024-06-25', '2024-06-29', 'single', 68, 'deluxe', 150.00),
('Clara Parker', '333 Pine St', '4321098765', '2024-06-26', '2024-06-30', 'double', 69, 'standard', 120.00),
('Mateo Ross', '444 Maple St', '3210987654', '2024-06-27', '2024-07-01', 'suite', 70, 'deluxe', 300.00),
('Luna Nelson', '555 Cedar St', '2109876543', '2024-06-28', '2024-07-02', 'single', 71, 'standard', 100.00),
('Jeremiah Rivera', '666 Walnut St', '1098765432', '2024-06-29', '2024-07-03', 'double', 72, 'deluxe', 180.00),
('Penelope Richardson', '777 Elm St', '9876543210', '2024-06-30', '2024-07-04', 'suite', 73, 'standard', 200.00),
('Maverick Simmons', '888 Pine St', '8765432109', '2024-07-01', '2024-07-05', 'single', 74, 'deluxe', 150.00),
('Ellie Martinez', '999 Maple St', '7654321098', '2024-07-02', '2024-07-06', 'double', 75, 'standard', 120.00),
('Kayden Bennett', '111 Cedar St', '6543210987', '2024-07-03', '2024-07-07', 'suite', 76, 'deluxe', 300.00),
('Hazel Reed', '222 Walnut St', '5432109876', '2024-07-04', '2024-07-08', 'single', 77, 'standard', 100.00),
('Nathan Torres', '333 Elm St', '4321098765', '2024-07-05', '2024-07-09', 'double', 78, 'deluxe', 180.00),
('Reagan Coleman', '444 Pine St', '3210987654', '2024-07-06', '2024-07-10', 'suite', 79, 'standard', 200.00),
('Ivy Jenkins', '555 Maple St', '2109876543', '2024-07-07', '2024-07-11', 'single', 80, 'deluxe', 150.00),
('Zachary Perry', '666 Cedar St', '1098765432', '2024-07-08', '2024-07-12', 'double', 81, 'standard', 120.00),
('Lily Wright', '777 Walnut St', '9876543210', '2024-07-09', '2024-07-13', 'suite', 82, 'deluxe', 300.00),
('Jaxon Rogers', '888 Elm St', '8765432109', '2024-07-10', '2024-07-14', 'single', 83, 'standard', 100.00),
('Addison Rodriguez', '999 Pine St', '7654321098', '2024-07-11', '2024-07-15', 'double', 84, 'deluxe', 180.00),
('Joseph Bryant', '111 Cedar St', '6543210987', '2024-07-12', '2024-07-16', 'suite', 85, 'standard', 200.00),
('Nora Hayes', '222 Walnut St', '5432109876', '2024-07-13', '2024-07-17', 'single', 86, 'deluxe', 150.00),
('Leah Marshall', '333 Elm St', '4321098765', '2024-07-14', '2024-07-18', 'double', 87, 'standard', 120.00),
('Gabriel Russell', '444 Pine St', '3210987654', '2024-07-15', '2024-07-19', 'suite', 88, 'deluxe', 300.00),
('Serenity Hunter', '555 Maple St', '2109876543', '2024-07-16', '2024-07-20', 'single', 89, 'standard', 100.00),
('Dominic Lynch', '666 Cedar St', '1098765432', '2024-07-17', '2024-07-21', 'double', 90, 'deluxe', 180.00),
('Ruby Barnett', '777 Walnut St', '9876543210', '2024-07-18', '2024-07-22', 'suite', 91, 'standard', 200.00),
('Zoe Davidson', '888 Elm St', '8765432109', '2024-07-19', '2024-07-23', 'single', 92, 'deluxe', 150.00),
('Owen Wheeler', '999 Pine St', '7654321098', '2024-07-20', '2024-07-24', 'double', 93, 'standard', 120.00),
('Lydia Armstrong', '111 Cedar St', '6543210987', '2024-07-21', '2024-07-25', 'suite', 94, 'deluxe', 300.00),
('Isaac Newman', '222 Walnut St', '5432109876', '2024-07-22', '2024-07-26', 'single', 95, 'standard', 100.00),
('Adeline Woods', '333 Elm St', '4321098765', '2024-07-23', '2024-07-27', 'double', 96, 'deluxe', 180.00),
('Gavin Palmer', '444 Pine St', '3210987654', '2024-07-24', '2024-07-28', 'suite', 97, 'standard', 200.00),
('Aubrey Hopkins', '555 Maple St', '2109876543', '2024-07-25', '2024-07-29', 'single', 98, 'deluxe', 150.00),
('Kenneth Sims', '666 Cedar St', '1098765432', '2024-07-26', '2024-07-30', 'double', 99, 'standard', 120.00),
('Molly Olson', '777 Walnut St', '9876543210', '2024-07-27', '2024-07-31', 'suite', 100, 'deluxe', 300.00);

-- INSERTIONS DE LA TABLE CHAUFFEUR

INSERT INTO CHAUFFEUR (nom_chauffeur, chAge, chSexe, location, disponibilite, marque, compagnie, id_user) VALUES
('Jean Dupont', 35, 'M', 'Paris', TRUE, 'Toyota', 'ABC Chauffeurs', 'USR123'),
('Marie Leclerc', 28, 'F', 'Lyon', TRUE, 'Mercedes', 'City Drive', 'USR124'),
('Pierre Lambert', 42, 'M', 'Marseille', FALSE, 'BMW', 'Elite Chauffeurs', 'USR125'),
('Sophie Martin', 39, 'F', 'Toulouse', TRUE, 'Audi', 'VIP Transport', 'USR126'),
('Thomas Petit', 45, 'M', 'Nice', FALSE, 'Lexus', 'Premium Cars', 'USR127'),
('Camille Rousseau', 30, 'F', 'Bordeaux', TRUE, 'Tesla', 'Luxury Rides', 'USR128'),
('Nicolas Dubois', 33, 'M', 'Strasbourg', TRUE, 'Volvo', 'First Class', 'USR129'),
('Isabelle Lefevre', 50, 'F', 'Lille', TRUE, 'Jaguar', 'Royal Transfers', 'USR130'),
('François Girard', 55, 'M', 'Nantes', FALSE, 'Chevrolet', 'Golden Wheels', 'USR131'),
('Charlotte Laurent', 29, 'F', 'Rennes', TRUE, 'Ford', 'Exclusive Transport', 'USR132'),
('Antoine Moreau', 38, 'M', 'Montpellier', TRUE, 'Volkswagen', 'Star Drivers', 'USR133'),
('Valérie Garcia', 47, 'F', 'Toulon', FALSE, 'Peugeot', 'Prestige Travel', 'USR134'),
('Maxime André', 31, 'M', 'Dijon', TRUE, 'Cadillac', 'Supreme Limos', 'USR135'),
('Anne Chevalier', 41, 'F', 'Angers', TRUE, 'Hyundai', 'Luxury Livery', 'USR136'),
('Guillaume Robin', 36, 'M', 'Grenoble', FALSE, 'Renault', 'Elegant Rides', 'USR137'),
('Julie Morel', 34, 'F', 'Reims', TRUE, 'Fiat', 'Executive Transfers', 'USR138'),
('Alexandre Thomas', 48, 'M', 'Le Havre', TRUE, 'Chrysler', 'Celebrity Cars', 'USR139'),
('Caroline Laurent', 27, 'F', 'Saint-Étienne', FALSE, 'Subaru', 'Platinum Chauffeurs', 'USR140'),
('David Michel', 39, 'M', 'Tours', TRUE, 'Dodge', 'Elite Limousines', 'USR141'),
('Pauline Leroy', 32, 'F', 'Clermont-Ferrand', TRUE, 'Hummer', 'Exclusive Cars', 'USR142'),
('Vincent Garcia', 43, 'M', 'Limoges', FALSE, 'Infiniti', 'Premier Rides', 'USR143'),
('Catherine Blanc', 44, 'F', 'Villeurbanne', TRUE, 'Maserati', 'Luxury Limos', 'USR144'),
('Franck Lefevre', 37, 'M', 'Metz', TRUE, 'Porsche', 'Royal Wheels', 'USR145'),
('Aurélie Roussel', 26, 'F', 'Besançon', FALSE, 'Suzuki', 'Star Limousines', 'USR146'),
('Éric Dubois', 49, 'M', 'Perpignan', TRUE, 'Bentley', 'Elite Transport', 'USR147'),
('Sandrine Martin', 40, 'F', 'Caen', TRUE, 'Rolls Royce', 'Grand Chauffeurs', 'USR148'),
('Mathieu Bonnet', 35, 'M', 'Nancy', FALSE, 'Acura', 'Luxury Transportation', 'USR149'),
('Laura Dubois', 30, 'F', 'Orléans', TRUE, 'Bugatti', 'Prestige Limousines', 'USR150'),
('Olivier Thomas', 54, 'M', 'Rouen', TRUE, 'Ferrari', 'Celebrity Transport', 'USR151'),
('Emilie Girard', 33, 'F', 'Argenteuil', FALSE, 'Lamborghini', 'Platinum Rides', 'USR152'),
('Alexandre Rousseau', 46, 'M', 'Tourcoing', TRUE, 'Lotus', 'Luxury Limousine', 'USR153'),
('Sophie Lemaire', 31, 'F', 'Montreuil', TRUE, 'Alfa Romeo', 'Executive Rides', 'USR154'),
('Patrick Lefebvre', 53, 'M', 'Roubaix', FALSE, 'Chrysler', 'Premier Chauffeurs', 'USR155'),
('Valérie Mercier', 28, 'F', 'Dunkerque', TRUE, 'Mini Cooper', 'Elite Limousine', 'USR156'),
('Antoine Bonnet', 42, 'M', 'Saint-Denis', TRUE, 'Hummer', 'Exclusive Transport', 'USR157'),
('Julie Henry', 36, 'F', 'Avignon', FALSE, 'Smart', 'Star Limousines', 'USR158'),
('Nicolas Perrin', 39, 'M', 'Versailles', TRUE, 'Tesla', 'Royal Wheels', 'USR159'),
('Céline Guillaume', 47, 'F', 'Le Mans', TRUE, 'BMW', 'Luxury Livery', 'USR160'),
('Sylvain Renaud', 29, 'M', 'Courbevoie', FALSE, 'Audi', 'Platinum Chauffeurs', 'USR161'),
('Émilie Renard', 38, 'F', 'Fort-de-France', TRUE, 'Mercedes', 'Celebrity Cars', 'USR162'),
('Thierry Lecomte', 45, 'M', 'Antibes', TRUE, 'Cadillac', 'Grand Chauffeurs', 'USR163'),
('Marie Renard', 27, 'F', 'Poitiers', FALSE, 'Chevrolet', 'Luxury Limos', 'USR164'),
('François Philippe', 50, 'M', 'Nanterre', TRUE, 'Jaguar', 'Elite Transport', 'USR165'),
('Caroline Mercier', 34, 'F', 'Créteil', TRUE, 'Hyundai', 'Celebrity Transport', 'USR166'),
('Olivier Roussel', 48, 'M', 'Saint-Paul', FALSE, 'Volvo', 'Prestige Limousines', 'USR167'),
('Chloé Lucas', 39, 'F', 'Cannes', TRUE, 'Porsche', 'Exclusive Cars', 'USR168'),
('Nicolas Rousseau', 35, 'M', 'Colombes', TRUE, 'Fiat', 'Luxury Limousine', 'USR169'),
('Marine Petit', 31, 'F', 'Aulnay-sous-Bois', FALSE, 'Volkswagen', 'Executive Rides', 'USR170'),
('Pierre Girard', 43, 'M', 'Asnières-sur-Seine', TRUE, 'Subaru', 'Premier Chauffeurs', 'USR171'),
('Manon Morel', 26, 'F', 'Rueil-Malmaison', TRUE, 'Dodge', 'Star Limousines', 'USR172'),
('Thomas Philippe', 41, 'M', 'Nouméa', FALSE, 'Ford', 'Royal Wheels', 'USR173'),
('Cécile Richard', 30, 'F', 'Boulogne-Billancourt', TRUE, 'Renault', 'Platinum Rides', 'USR174'),
('Guillaume Vincent', 54, 'M', 'Montauban', TRUE, 'Chrysler', 'Luxury Limousine', 'USR175'),
('Juliette Dubois', 33, 'F', 'Saint-Maur-des-Fossés', FALSE, 'Lexus', 'Celebrity Cars', 'USR176'),
('Maxime Lefevre', 49, 'M', 'Calais', TRUE, 'Peugeot', 'Grand Chauffeurs', 'USR177'),
('Elodie Thomas', 28, 'F', 'Colmar', TRUE, 'Maserati', 'Elite Transport', 'USR178'),
('Sébastien Martin', 44, 'M', 'La Rochelle', FALSE, 'Porsche', 'Prestige Limousines', 'USR179'),
('Sophie Lemoine', 37, 'F', 'Ajaccio', TRUE, 'Tesla', 'Exclusive Cars', 'USR180'),
('Thibault Leroy', 32, 'M', 'Issy-les-Moulineaux', TRUE, 'Ferrari', 'Luxury Livery', 'USR181'),
('Marine Laurent', 47, 'F', 'Vénissieux', FALSE, 'Chevrolet', 'Platinum Chauffeurs', 'USR182'),
('Vincent Nicolas', 36, 'M', 'La Seyne-sur-Mer', TRUE, 'Lamborghini', 'Star Limousines', 'USR183'),
('Pauline Roussel', 29, 'F', 'Lorient', TRUE, 'Lotus', 'Royal Wheels', 'USR184'),
('Alexandre Rolland', 45, 'M', 'Ivry-sur-Seine', FALSE, 'Alfa Romeo', 'Luxury Limos', 'USR185'),
('Valérie Simon', 38, 'F', 'Montluçon', TRUE, 'Mazda', 'Celebrity Transport', 'USR186'),
('Franck Laurent', 35, 'M', 'Villejuif', TRUE, 'Infiniti', 'Exclusive Transport', 'USR187'),
('Charlotte Dubois', 26, 'F', 'Neuilly-sur-Seine', FALSE, 'Fiat', 'Royal Chauffeurs', 'USR188'),
('Nicolas Renaud', 50, 'M', 'Chambéry', TRUE, 'Bentley', 'Prestige Travel', 'USR189'),
('Émilie Perrin', 31, 'F', 'Bastia', TRUE, 'Mini Cooper', 'Elite Limousine', 'USR190'),
('Jérôme Roy', 42, 'M', 'Saint-Quentin', FALSE, 'Toyota', 'Platinum Rides', 'USR191'),
('Caroline Richard', 27, 'F', 'Noisy-le-Grand', TRUE, 'Mercedes', 'Star Limousines', 'USR192'),
('Marc Renard', 39, 'M', 'Chelles', TRUE, 'Hyundai', 'Luxury Wheels', 'USR193'),
('Céline Lefevre', 48, 'F', 'Villeurbanne', FALSE, 'Volvo', 'Elite Chauffeurs', 'USR194'),
('Julien Moreau', 33, 'M', 'Épinay-sur-Seine', TRUE, 'Cadillac', 'Platinum Chauffeurs', 'USR195'),
('Marie Pierre', 29, 'F', 'Le Tampon', TRUE, 'Honda', 'Exclusive Transport', 'USR196'),
('Nicolas Bertrand', 46, 'M', 'Choisy-le-Roi', FALSE, 'Jeep', 'Star Limousines', 'USR197'),
('Émilie Laurent', 30, 'F', 'Montauban', TRUE, 'Nissan', 'Royal Wheels', 'USR198'),
('Philippe Robert', 53, 'M', 'Maisons-Alfort', TRUE, 'Audi', 'Luxury Travel', 'USR199'),
('Sophie Durand', 34, 'F', 'Champigny-sur-Marne', FALSE, 'BMW', 'Elite Limousine', 'USR200');

-- INSERTIONS DE LA TABLE DEPARTEMENT
INSERT INTO DEPARTEMENT (nom_departement, budget) VALUES 
('Administration', 1000000.00),
('Ressources humaines', 800000.00),
('Finance', 1200000.00),
('Marketing', 900000.00),
('Ventes', 1100000.00),
('Informatique', 1500000.00),
('Développement', 1400000.00),
('Service clientèle', 1000000.00),
('Logistique', 850000.00),
('Achats', 950000.00),
('Qualité', 900000.00),
('Recherche et développement', 1600000.00),
('Relations publiques', 850000.00),
('Juridique', 1100000.00),
('Formation', 800000.00),
('Communication', 900000.00),
('Sécurité', 750000.00),
('Planification stratégique', 1000000.00),
('Affaires gouvernementales', 1200000.00),
('Relations avec les investisseurs', 1000000.00),
('Développement durable', 950000.00),
('Relations internationales', 1100000.00),
('Ressources matérielles', 850000.00),
('Gestion des risques', 900000.00),
('Conformité', 1000000.00),
('Gestion de projet', 1300000.00),
('Événementiel', 850000.00),
('Relations médias', 900000.00),
('Gestion des talents', 950000.00),
('Santé et sécurité au travail', 1200000.00),
('Services généraux', 1000000.00),
('Développement des affaires', 1100000.00),
('Éthique', 800000.00),
('Relations avec les clients', 900000.00),
('Administration des ventes', 1000000.00),
('Acquisitions et fusions', 1200000.00),
('Audit', 950000.00),
('Contrôle de la qualité', 900000.00),
('Gestion des litiges', 1100000.00),
('Support technique', 1400000.00),
('Gestion de crise', 850000.00),
('Coordination des projets', 1000000.00),
('Analyse des données', 1300000.00),
('Systèmes d'information', 1500000.00),
('Solutions numériques', 1400000.00),
('Infrastructure informatique', 1600000.00),
('Développement logiciel', 1800000.00),
('Gestion des bases de données', 1700000.00),
('Architecture informatique', 1500000.00),
('Sécurité informatique', 2000000.00),
('Support utilisateur', 1200000.00),
('Services cloud', 1600000.00),
('Maintenance des systèmes', 1400000.00),
('Analyse commerciale', 1000000.00),
('Planification financière', 1100000.00),
('Contrôle des coûts', 950000.00),
('Comptabilité', 1200000.00),
('Gestion des risques financiers', 1000000.00),
('Analyse des investissements', 1300000.00),
('Gestion des actifs', 1400000.00),
('Analyse des données de marché', 900000.00),
('Stratégie marketing', 1100000.00),
('Publicité', 1000000.00),
('Relations publiques et presse', 850000.00),
('Gestion des campagnes', 1200000.00),
('Marketing digital', 1300000.00),
('Marketing événementiel', 900000.00),
('Analyse de la concurrence', 1100000.00),
('Service clientèle', 1000000.00),
('Gestion des relations client', 1200000.00),
('Support client', 900000.00),
('Gestion des ventes', 1100000.00),
('Stratégie de vente', 1000000.00),
('Développement des affaires', 950000.00),
('Gestion des comptes', 1200000.00),
('Marketing des produits', 1300000.00),
('Planification de la chaîne d'approvisionnement', 900000.00),
('Gestion des stocks', 1100000.00),
('Logistique internationale', 1000000.00),
('Transport', 850000.00),
('Gestion des entrepôts', 1200000.00),
('Approvisionnement', 1100000.00),
('Gestion des achats', 1000000.00),
('Contrôle qualité', 900000.00),
('Évaluation des fournisseurs', 1200000.00),
('Assurance qualité', 1000000.00),
('Gestion des processus', 1100000.00),
('Amélioration continue', 950000.00),
('Développement de produits', 1300000.00),
('Recherche et innovation', 1400000.00),
('Tests et validation', 1000000.00),
('Conception de produits', 1200000.00),
('Services d'assistance', 1100000.00),
('Relations avec les fournisseurs', 1000000.00);

-- INSERTIONS DE LA TABLE REPAS 
-- Insertion 1
INSERT INTO REPAS (id_repas, nom_repas, prix_repas, id_user, date_commande) VALUES 
('1', 'Pizza Margherita', 10.99, 'user_1', '2024-04-19');

-- Insertion 2
INSERT INTO REPAS (id_repas, nom_repas, prix_repas, id_user, date_commande) VALUES 
('2', 'Spaghetti Carbonara', 12.50, 'user_2', '2024-04-19');

-- Insertion 3
INSERT INTO REPAS (id_repas, nom_repas, prix_repas, id_user, date_commande) VALUES 
('3', 'Chicken Caesar Salad', 9.75, 'user_3', '2024-04-18');

-- Insertion 4
INSERT INTO REPAS (id_repas, nom_repas, prix_repas, id_user, date_commande) VALUES 
('4', 'Beef Burger', 11.25, 'user_4', '2024-04-18');

-- Insertion 5
INSERT INTO REPAS (id_repas, nom_repas, prix_repas, id_user, date_commande) VALUES 
('5', 'Vegetable Stir Fry', 8.99, 'user_5', '2024-04-17');

-- Insertion 6
INSERT INTO REPAS (id_repas, nom_repas, prix_repas, id_user, date_commande) VALUES 
('6', 'Sushi Platter', 18.75, 'user_6', '2024-04-17');

-- Insertion 7
INSERT INTO REPAS (id_repas, nom_repas, prix_repas, id_user, date_commande) VALUES 
('7', 'Grilled Salmon', 14.50, 'user_7', '2024-04-16');

-- Insertion 8
INSERT INTO REPAS (id_repas, nom_repas, prix_repas, id_user, date_commande) VALUES 
('8', 'Taco Bowl', 10.25, 'user_8', '2024-04-16');

-- Insertion 9
INSERT INTO REPAS (id_repas, nom_repas, prix_repas, id_user, date_commande) VALUES 
('9', 'Mushroom Risotto', 13.99, 'user_9', '2024-04-15');

-- Insertion 10
INSERT INTO REPAS (id_repas, nom_repas, prix_repas, id_user, date_commande) VALUES 
('10', 'BBQ Ribs', 16.75, 'user_10', '2024-04-15');

-- Insertion 11
INSERT INTO REPAS (id_repas, nom_repas, prix_repas, id_user, date_commande) VALUES 
('11', 'Chicken Tikka Masala', 11.50, 'user_11', '2024-04-14');

-- Insertion 12
INSERT INTO REPAS (id_repas, nom_repas, prix_repas, id_user, date_commande) VALUES 
('12', 'Caesar Wrap', 9.25, 'user_12', '2024-04-14');

-- Insertion 13
INSERT INTO REPAS (id_repas, nom_repas, prix_repas, id_user, date_commande) VALUES 
('13', 'Beef Stir Fry', 12.99, 'user_13', '2024-04-13');

-- Insertion 14
INSERT INTO REPAS (id_repas, nom_repas, prix_repas, id_user, date_commande) VALUES 
('14', 'Margherita Pasta', 10.75, 'user_14', '2024-04-13');

-- Insertion 15
INSERT INTO REPAS (id_repas, nom_repas, prix_repas, id_user, date_commande) VALUES 
('15', 'Vegetarian Burger', 8.50, 'user_15', '2024-04-12');

-- Insertion 16
INSERT INTO REPAS (id_repas, nom_repas, prix_repas, id_user, date_commande) VALUES 
('16', 'Sushi Rolls', 14.25, 'user_16', '2024-04-12');

-- Insertion 17
INSERT INTO REPAS (id_repas, nom_repas, prix_repas, id_user, date_commande) VALUES 
('17', 'Shrimp Scampi', 13.99, 'user_17', '2024-04-11');

-- Insertion 18
INSERT INTO REPAS (id_repas, nom_repas, prix_repas, id_user, date_commande) VALUES 
('18', 'Chicken Quesadilla', 9.75, 'user_18', '2024-04-11');

-- Insertion 19
INSERT INTO REPAS (id_repas, nom_repas, prix_repas, id_user, date_commande) VALUES 
('19', 'Beef Burrito', 11.50, 'user_19', '2024-04-10');

-- Insertion 20
INSERT INTO REPAS (id_repas, nom_repas, prix_repas, id_user, date_commande) VALUES 
('20', 'Pesto Pasta', 10.25, 'user_20', '2024-04-10');

-- Insertion 21
INSERT INTO REPAS (id_repas, nom_repas, prix_repas, id_user, date_commande) VALUES 
('21', 'Tofu Stir Fry', 8.99, 'user_21', '2024-04-09');

-- Insertion 22
INSERT INTO REPAS (id_repas, nom_repas, prix_repas, id_user, date_commande) VALUES 
('22', 'Salmon Salad', 12.75, 'user_22', '2024-04-09');

-- Insertion 23
INSERT INTO REPAS (id_repas, nom_repas, prix_repas, id_user, date_commande) VALUES 
('23', 'Veggie Wrap', 9.50, 'user_23', '2024-04-08');

-- Insertion 24
INSERT INTO REPAS (id_repas, nom_repas, prix_repas, id_user, date_commande) VALUES 
('24', 'California Roll', 14.99, 'user_24', '2024-04-08');

-- Insertion 25
INSERT INTO REPAS (id_repas, nom_repas, prix_repas, id_user, date_commande) VALUES 
('25', 'Grilled Chicken', 10.50, 'user_25', '2024-04-07');

-- Insertion 26
INSERT INTO REPAS (id_repas, nom_repas, prix_repas, id_user, date_commande) VALUES 
('26', 'Pulled Pork Sandwich', 11.25, 'user_26', '2024-04-07');

-- Insertion 27
INSERT INTO REPAS (id_repas, nom_repas, prix_repas, id_user, date_commande) VALUES 
('27', 'Shrimp Fried Rice', 12.99, 'user_27', '2024-04-06');

-- Insertion 28
INSERT INTO REPAS (id_repas, nom_repas, prix_repas, id_user, date_commande) VALUES 
('28', 'Margarita Pizza', 9.75, 'user_28', '2024-04-06');

-- Insertion 29
INSERT INTO REPAS (id_repas, nom_repas, prix_repas, id_user, date_commande) VALUES 
('29', 'Steak Fajitas', 15.50, 'user_29', '2024-04-05');

-- Insertion 30
INSERT INTO REPAS (id_repas, nom_repas, prix_repas, id_user, date_commande) VALUES 
('30', 'Caprese Salad', 8.25, 'user_30', '2024-04-05');

-- Insertion 31
INSERT INTO REPAS (id_repas, nom_repas, prix_repas, id_user, date_commande) VALUES 
('31', 'Vegetable Lasagna', 11.99, 'user_31', '2024-04-04');

-- Insertion 32
INSERT INTO REPAS (id_repas, nom_repas, prix_repas, id_user, date_commande) VALUES 
('32', 'Chicken Teriyaki Bowl', 10.75, 'user_32', '2024-04-04');

-- Insertion 33
INSERT INTO REPAS (id_repas, nom_repas, prix_repas, id_user, date_commande) VALUES 
('33', 'BBQ Chicken Pizza', 13.75, 'user_33', '2024-04-03');

-- Insertion 34
INSERT INTO REPAS (id_repas, nom_repas, prix_repas, id_user, date_commande) VALUES 
('34', 'Beef Tacos', 9.50, 'user_34', '2024-04-03');

-- Insertion 35
INSERT INTO REPAS (id_repas, nom_repas, prix_repas, id_user, date_commande) VALUES 
('35', 'Penne Arrabbiata', 10.99, 'user_35', '2024-04-02');

-- Insertion 36
INSERT INTO REPAS (id_repas, nom_repas, prix_repas, id_user, date_commande) VALUES 
('36', 'Vegetable Curry', 8.75, 'user_36', '2024-04-02');

-- Insertion 37
INSERT INTO REPAS (id_repas, nom_repas, prix_repas, id_user, date_commande) VALUES 
('37', 'Salmon Teriyaki', 14.99, 'user_37', '2024-04-01');

-- Insertion 38
INSERT INTO REPAS (id_repas, nom_repas, prix_repas, id_user, date_commande) VALUES 
('38', 'Greek Salad', 9.25, 'user_38', '2024-04-01');

-- Insertion 39
INSERT INTO REPAS (id_repas, nom_repas, prix_repas, id_user, date_commande) VALUES 
('39', 'Mushroom Pizza', 11.50, 'user_39', '2024-03-31');

-- Insertion 40
INSERT INTO REPAS (id_repas, nom_repas, prix_repas, id_user, date_commande) VALUES 
('40', 'Tuna Sandwich', 7.99, 'user_40', '2024-03-31');

-- Insertion 41
INSERT INTO REPAS (id_repas, nom_repas, prix_repas, id_user, date_commande) VALUES 
('41', 'Pad Thai', 12.25, 'user_41', '2024-03-30');

-- Insertion 42
INSERT INTO REPAS (id_repas, nom_repas, prix_repas, id_user, date_commande) VALUES 
('42', 'Beef Stroganoff', 13.75, 'user_42', '2024-03-30');

-- Insertion 43
INSERT INTO REPAS (id_repas, nom_repas, prix_repas, id_user, date_commande) VALUES 
('43', 'Chicken Alfredo', 11.99, 'user_43', '2024-03-29');

-- Insertion 44
INSERT INTO REPAS (id_repas, nom_repas, prix_repas, id_user, date_commande) VALUES 
('44', 'Margherita Panini', 8.50, 'user_44', '2024-03-29');

-- Insertion 45
INSERT INTO REPAS (id_repas, nom_repas, prix_repas, id_user, date_commande) VALUES 
('45', 'Vegetarian Curry', 10.75, 'user_45', '2024-03-28');

-- Insertion 46
INSERT INTO REPAS (id_repas, nom_repas, prix_repas, id_user, date_commande) VALUES 
('46', 'Taco Salad', 9.25, 'user_46', '2024-03-28');

-- Insertion 47
INSERT INTO REPAS (id_repas, nom_repas, prix_repas, id_user, date_commande) VALUES 
('47', 'Steak Sandwich', 14.50, 'user_47', '2024-03-27');

-- Insertion 48
INSERT INTO REPAS (id_repas, nom_repas, prix_repas, id_user, date_commande) VALUES 
('48', 'Cobb Salad', 10.99, 'user_48', '2024-03-27');

-- Insertion 49
INSERT INTO REPAS (id_repas, nom_repas, prix_repas, id_user, date_commande) VALUES 
('49', 'Vegetable Paella', 12.75, 'user_49', '2024-03-26');

-- Insertion 50
INSERT INTO REPAS (id_repas, nom_repas, prix_repas, id_user, date_commande) VALUES 
('50', 'Chicken Shawarma', 8.75, 'user_50', '2024-03-26');

-- Insertion 51
INSERT INTO REPAS (id_repas, nom_repas, prix_repas, id_user, date_commande) VALUES 
('51', 'Margherita Flatbread', 11.50, 'user_51', '2024-03-25');

-- Insertion 52
INSERT INTO REPAS (id_repas, nom_repas, prix_repas, id_user, date_commande) VALUES 
('52', 'Pork Fried Rice', 9.50, 'user_52', '2024-03-25');

-- Insertion 53
INSERT INTO REPAS (id_repas, nom_repas, prix_repas, id_user, date_commande) VALUES 
('53', 'Chicken Fajitas', 13.99, 'user_53', '2024-03-24');

-- Insertion 54
INSERT INTO REPAS (id_repas, nom_repas, prix_repas, id_user, date_commande) VALUES 
('54', 'Caprese Panini', 7.75, 'user_54', '2024-03-24');

-- Insertion 55
INSERT INTO REPAS (id_repas, nom_repas, prix_repas, id_user, date_commande) VALUES 
('55', 'Veggie Pizza', 10.99, 'user_55', '2024-03-23');

-- Insertion 56
INSERT INTO REPAS (id_repas, nom_repas, prix_repas, id_user, date_commande) VALUES 
('56', 'Shrimp Tacos', 11.25, 'user_56', '2024-03-23');

-- Insertion 57
INSERT INTO REPAS (id_repas, nom_repas, prix_repas, id_user, date_commande) VALUES 
('57', 'Chicken Caesar Wrap', 8.99, 'user_57', '2024-03-22');

-- Insertion 58
INSERT INTO REPAS (id_repas, nom_repas, prix_repas, id_user, date_commande) VALUES 
('58', 'Beef Nachos', 12.50, 'user_58', '2024-03-22');

-- Insertion 59
INSERT INTO REPAS (id_repas, nom_repas, prix_repas, id_user, date_commande) VALUES 
('59', 'Penne Primavera', 9.75, 'user_59', '2024-03-21');

-- Insertion 60
INSERT INTO REPAS (id_repas, nom_repas, prix_repas, id_user, date_commande) VALUES 
('60', 'Miso Soup', 4.99, 'user_60', '2024-03-21');

-- Insertion 61
INSERT INTO REPAS (id_repas, nom_repas, prix_repas, id_user, date_commande) VALUES 
('61', 'Turkey Burger', 10.75, 'user_61', '2024-03-20');

-- Insertion 62
INSERT INTO REPAS (id_repas, nom_repas, prix_repas, id_user, date_commande) VALUES 
('62', 'Eggplant Parmesan', 11.25, 'user_62', '2024-03-20');

-- Insertion 63
INSERT INTO REPAS (id_repas, nom_repas, prix_repas, id_user, date_commande) VALUES 
('63', 'Vegetarian Sushi', 13.50, 'user_63', '2024-03-19');

-- Insertion 64
INSERT INTO REPAS (id_repas, nom_repas, prix_repas, id_user, date_commande) VALUES 
('64', 'Beef Gyros', 9.99, 'user_64', '2024-03-19');

-- Insertion 65
INSERT INTO REPAS (id_repas, nom_repas, prix_repas, id_user, date_commande) VALUES 
('65', 'Pasta Bolognese', 10.50, 'user_65', '2024-03-18');

-- Insertion 66
INSERT INTO REPAS (id_repas, nom_repas, prix_repas, id_user, date_commande) VALUES 
('66', 'Vegetable Soup', 6.75, 'user_66', '2024-03-18');

-- Insertion 67
INSERT INTO REPAS (id_repas, nom_repas, prix_repas, id_user, date_commande) VALUES 
('67', 'Chicken Nuggets', 8.99, 'user_67', '2024-03-17');

-- Insertion 68
INSERT INTO REPAS (id_repas, nom_repas, prix_repas, id_user, date_commande) VALUES 
('68', 'Fish Tacos', 10.25, 'user_68', '2024-03-17');

-- Insertion 69
INSERT INTO REPAS (id_repas, nom_repas, prix_repas, id_user, date_commande) VALUES 
('69', 'Margherita Calzone', 11.75, 'user_69', '2024-03-16');

-- Insertion 70
INSERT INTO REPAS (id_repas, nom_repas, prix_repas, id_user, date_commande) VALUES 
('70', 'Chicken Caesar Salad Wrap', 8.50, 'user_70', '2024-03-16');

-- Insertion 71
INSERT INTO REPAS (id_repas, nom_repas, prix_repas, id_user, date_commande) VALUES 
('71', 'Steak Salad', 14.25, 'user_71', '2024-03-15');

-- Insertion 72
INSERT INTO REPAS (id_repas, nom_repas, prix_repas, id_user, date_commande) VALUES 
('72', 'Veggie Stir Fry', 9.99, 'user_72', '2024-03-15');

-- Insertion 73
INSERT INTO REPAS (id_repas, nom_repas, prix_repas, id_user, date_commande) VALUES 
('73', 'Cheeseburger', 10.50, 'user_73', '2024-03-14');

-- Insertion 74
INSERT INTO REPAS (id_repas, nom_repas, prix_repas, id_user, date_commande) VALUES 
('74', 'Chicken Tenders', 7.75, 'user_74', '2024-03-14');

-- Insertion 75
INSERT INTO REPAS (id_repas, nom_repas, prix_repas, id_user, date_commande) VALUES 
('75', 'Pesto Chicken Panini', 11.99, 'user_75', '2024-03-13');

-- Insertion 76
INSERT INTO REPAS (id_repas, nom_repas, prix_repas, id_user, date_commande) VALUES 
('76', 'Beef Enchiladas', 9.25, 'user_76', '2024-03-13');

-- Insertion 77
INSERT INTO REPAS (id_repas, nom_repas, prix_repas, id_user, date_commande) VALUES 
('77', 'Margherita Pasta Salad', 8.50, 'user_77', '2024-03-12');

-- Insertion 78
INSERT INTO REPAS (id_repas, nom_repas, prix_repas, id_user, date_commande) VALUES 
('78', 'Shrimp Tempura', 12.50, 'user_78', '2024-03-12');

-- Insertion 79
INSERT INTO REPAS (id_repas, nom_repas, prix_repas, id_user, date_commande) VALUES 
('79', 'Turkey Club Sandwich', 10.75, 'user_79', '2024-03-11');

-- Insertion 80
INSERT INTO REPAS (id_repas, nom_repas, prix_repas, id_user, date_commande) VALUES 
('80', 'Veggie Burger', 8.99, 'user_80', '2024-03-11');

-- Insertion 81
INSERT INTO REPAS (id_repas, nom_repas, prix_repas, id_user, date_commande) VALUES 
('81', 'Beef Pho', 11.75, 'user_81', '2024-03-10');

-- Insertion 82
INSERT INTO REPAS (id_repas, nom_repas, prix_repas, id_user, date_commande) VALUES 
('82', 'Chicken Fried Rice', 9.50, 'user_82', '2024-03-10');

-- Insertion 83
INSERT INTO REPAS (id_repas, nom_repas, prix_repas, id_user, date_commande) VALUES 
('83', 'Margarita Flatbread', 10.99, 'user_83', '2024-03-09');

-- Insertion 84
INSERT INTO REPAS (id_repas, nom_repas, prix_repas, id_user, date_commande) VALUES 
('84', 'Salmon Sushi', 13.25, 'user_84', '2024-03-09');

-- Insertion 85
INSERT INTO REPAS (id_repas, nom_repas, prix_repas, id_user, date_commande) VALUES 
('85', 'Vegetarian Chili', 8.75, 'user_85', '2024-03-08');

-- Insertion 86
INSERT INTO REPAS (id_repas, nom_repas, prix_repas, id_user, date_commande) VALUES 
('86', 'Tofu Tacos', 9.99, 'user_86', '2024-03-08');

-- Insertion 87
INSERT INTO REPAS (id_repas, nom_repas, prix_repas, id_user, date_commande) VALUES 
('87', 'Penne Alfredo', 10.25, 'user_87', '2024-03-07');

-- Insertion 88
INSERT INTO REPAS (id_repas, nom_repas, prix_repas, id_user, date_commande) VALUES 
('88', 'Beef Kebabs', 12.50, 'user_88', '2024-03-07');

-- Insertion 89
INSERT INTO REPAS (id_repas, nom_repas, prix_repas, id_user, date_commande) VALUES 
('89', 'Greek Wrap', 8.99, 'user_89', '2024-03-06');

-- Insertion 90
INSERT INTO REPAS (id_repas, nom_repas, prix_repas, id_user, date_commande) VALUES 
('90', 'Margherita Pizza', 11.75, 'user_90', '2024-03-06');

-- Insertion 91
INSERT INTO REPAS (id_repas, nom_repas, prix_repas, id_user, date_commande) VALUES 
('91', 'Chicken Pad Thai', 9.50, 'user_91', '2024-03-05');

-- Insertion 92
INSERT INTO REPAS (id_repas, nom_repas, prix_repas, id_user, date_commande) VALUES 
('92', 'Shrimp Alfredo', 13.25, 'user_92', '2024-03-05');

-- Insertion 93
INSERT INTO REPAS (id_repas, nom_repas, prix_repas, id_user, date_commande) VALUES 
('93', 'Vegetable Tempura', 9.75, 'user_93', '2024-03-04');

-- Insertion 94
INSERT INTO REPAS (id_repas, nom_repas, prix_repas, id_user, date_commande) VALUES 
('94', 'BBQ Pulled Chicken Sandwich', 10.99, 'user_94', '2024-03-04');

-- Insertion 95
INSERT INTO REPAS (id_repas, nom_repas, prix_repas, id_user, date_commande) VALUES 
('95', 'Vegetarian Pizza', 8.50, 'user_95', '2024-03-03');

-- Insertion 96
INSERT INTO REPAS (id_repas, nom_repas, prix_repas, id_user, date_commande) VALUES 
('96', 'Chicken Tostadas', 11.25, 'user_96', '2024-03-03');

-- Insertion 97
INSERT INTO REPAS (id_repas, nom_repas, prix_repas, id_user, date_commande) VALUES 
('97', 'Margarita Flatbread', 10.50, 'user_97', '2024-03-02');




